<?xml version="1.0" encoding="UTF-8" ?>
<XMLDB PATH="mod/zoomdownloader/db" VERSION="20241106" COMMENT="XMLDB file for Moodle mod_zoomdownloader"
    xmlns:xsi="http://www.w3.org/2001/XMLSchema-instance"
    xsi:noNamespaceSchemaLocation="../../../lib/xmldb/xmldb.xsd"
><?xml version="1.0" encoding="UTF-8" ?>
<XMLDB PATH="mod/zoomdownloader/db" VERSION="20240101" COMMENT="XMLDB file for Zoom Downloader module">
    <TABLES>
        <TABLE NAME="zoomdownloader" COMMENT="Almacena las instancias del módulo">
            <FIELDS>
                <FIELD NAME="id" TYPE="int" LENGTH="10" NOTNULL="true" SEQUENCE="true"/>
                <FIELD NAME="course" TYPE="int" LENGTH="10" NOTNULL="true" DEFAULT="0" SEQUENCE="false"/>
                <FIELD NAME="name" TYPE="char" LENGTH="255" NOTNULL="true" SEQUENCE="false"/>
                <FIELD NAME="timecreated" TYPE="int" LENGTH="10" NOTNULL="true" DEFAULT="0" SEQUENCE="false"/>
                <FIELD NAME="timemodified" TYPE="int" LENGTH="10" NOTNULL="true" DEFAULT="0" SEQUENCE="false"/>
            </FIELDS>
            <KEYS>
                <KEY NAME="primary" TYPE="primary" FIELDS="id"/>
            </KEYS>
        </TABLE>
        <TABLE NAME="tokens" COMMENT="Almacena los tokens de autenticación">
            <FIELDS>
                <FIELD NAME="id" TYPE="int" LENGTH="10" NOTNULL="true" SEQUENCE="true"/>
                <FIELD NAME="service" TYPE="char" LENGTH="50" NOTNULL="true" SEQUENCE="false"/>
                <FIELD NAME="access_token" TYPE="text" NOTNULL="false" SEQUENCE="false"/>
                <FIELD NAME="refresh_token" TYPE="text" NOTNULL="false" SEQUENCE="false"/>
                <FIELD NAME="expires_at" TYPE="datetime" NOTNULL="false" SEQUENCE="false"/>
            </FIELDS>
            <KEYS>
                <KEY NAME="primary" TYPE="primary" FIELDS="id"/>
                <KEY NAME="fk_course" TYPE="foreign" FIELDS="course" REFTABLE="course" REFFIELDS="id"/>
            </KEYS>
        </TABLE>
    </TABLES>
    
</XMLDB>
  <TABLES>
    <TABLE NAME="zoomdownloader" COMMENT="Stores the zoomdownloader activity module instances.">
      <FIELDS>
        <FIELD NAME="id" TYPE="int" LENGTH="10" NOTNULL="true" SEQUENCE="true"/>
        <FIELD NAME="course" TYPE="int" LENGTH="10" NOTNULL="true" SEQUENCE="false" COMMENT="ID of the course this activity is part of."/>
        <FIELD NAME="name" TYPE="char" LENGTH="255" NOTNULL="true" SEQUENCE="false" COMMENT="The name of the activity module instance"/>
        <FIELD NAME="timecreated" TYPE="int" LENGTH="10" NOTNULL="true" DEFAULT="0" SEQUENCE="false" COMMENT="Timestamp of when the instance was added to the course."/>
        <FIELD NAME="timemodified" TYPE="int" LENGTH="10" NOTNULL="true" DEFAULT="0" SEQUENCE="false" COMMENT="Timestamp of when the instance was last modified."/>
        <FIELD NAME="intro" TYPE="text" NOTNULL="false" SEQUENCE="false" COMMENT="Activity description."/>
        <FIELD NAME="introformat" TYPE="int" LENGTH="4" NOTNULL="true" DEFAULT="0" SEQUENCE="false" COMMENT="The format of the intro field."/>
      </FIELDS>
      <KEYS>
        <KEY NAME="primary" TYPE="primary" FIELDS="id"/>
        
      </KEYS>
    </TABLE>
  </TABLES>
</XMLDB>
